<?xml version="1.0" encoding="utf-8"?>
<productAdditionalComps>
   <dependsOn>
      <component>
         <name>MFSR_Tool</name>
         <locale/>
         <platformList>
            <platform>maci64</platform>
         </platformList>
         <version>2.0</version>
      </component>
   </dependsOn>
   <isControllingProduct>true</isControllingProduct>
   <platform>maci64</platform>
   <productName>MFSR_Tool</productName>
   <productNumber>5000</productNumber>
   <productBaseCode>MFSR_Tool</productBaseCode>
   <productVersion>2.0</productVersion>
   <releaseFamily>R2019b</releaseFamily>
   <releaseDescription>R2019b</releaseDescription>
</productAdditionalComps>