<?xml version="1.0" encoding="utf-8"?>
<ApplicationInstallerManifest>
   <DefaultInstallationDirectory>/Applications/MFSR_Tool/</DefaultInstallationDirectory>
   <ApplicationName>MFSR_Tool</ApplicationName>
   <ExecutableName>application/MFSR_Tool.exe</ExecutableName>
   <GUID>a025891f-b733-49cd-9a91-c3d3ba6d08b9</GUID>
   <ApplicationIcon>icon_48.png</ApplicationIcon>
   <Logo>logo1821158165820794100.tmp</Logo>
   <Version>2.0</Version>
   <InstallationNotes>In the following directions, replace MR/v97 by the directory on the target machine where MATLAB is installed, or MR by the directory where the MATLAB Runtime is installed.

If the environment variable DYLD_LIBRARY_PATH is undefined, set it to the following string:

MR/v97/runtime/maci64:MR/v97/sys/os/maci64:MR/v97/bin/maci64

If it is defined, set it to the following:

${DYLD_LIBRARY_PATH}:MR/v97/runtime/maci64:MR/v97/sys/os/maci64:MR/v97/bin/maci64
</InstallationNotes>
   <AuthorOrganization>TH Koeln</AuthorOrganization>
   <Summary>A Multiframe Super-Resolution Toolkit</Summary>
   <WelcomePanelText>MFSR_Tool 2.0
A Multiframe Super-Resolution Toolkit

Tool to compute an image of higher resolution from a video of low resolution images.
Choose from multiple Image-Registration methods and Super-Resolution algorithms.

Image-Registration methods:
- MATLAB Image Registration
- Lukas-Kanade Optical Flow Affine
- Lucas-Kanade Optical Flow Motion

Super-Resolution Algorithms:
- Adaptive Kernel Regression
- Cubic Spline Interpolation
- Robust Super Resolution
- Fast Robust Super Resolution

Muellner, Maeuer, Schoettler, Kloos
den_michael.muellner@smail.th-koeln.de</WelcomePanelText>
   <MCRProducts>
      <MCRProduct>
         <ExternalProductIdentifier>35000</ExternalProductIdentifier>
      </MCRProduct>
      <MCRProduct>
         <ExternalProductIdentifier>35010</ExternalProductIdentifier>
      </MCRProduct>
      <MCRProduct>
         <ExternalProductIdentifier>35106</ExternalProductIdentifier>
      </MCRProduct>
      <MCRProduct>
         <ExternalProductIdentifier>35108</ExternalProductIdentifier>
      </MCRProduct>
      <MCRProduct>
         <ExternalProductIdentifier>35112</ExternalProductIdentifier>
      </MCRProduct>
      <MCRProduct>
         <ExternalProductIdentifier>35117</ExternalProductIdentifier>
      </MCRProduct>
      <MCRProduct>
         <ExternalProductIdentifier>35119</ExternalProductIdentifier>
      </MCRProduct>
      <MCRProduct>
         <ExternalProductIdentifier>35180</ExternalProductIdentifier>
      </MCRProduct>
      <MCRProduct>
         <ExternalProductIdentifier>35196</ExternalProductIdentifier>
      </MCRProduct>
   </MCRProducts>
</ApplicationInstallerManifest>