<?xml version="1.0" encoding="utf-8"?>
<ApplicationInstallerManifest>
   <DefaultInstallationDirectory>/Applications/MFSR_Tool/</DefaultInstallationDirectory>
   <ApplicationName>MFSR_Tool</ApplicationName>
   <ExecutableName>application/MFSR_Tool.exe</ExecutableName>
   <GUID>35cc53e9-0365-43ee-905f-cd81d6b88c54</GUID>
   <ApplicationIcon>default_icon_48.png</ApplicationIcon>
   <Logo>default_logo.png</Logo>
   <Version>1.2</Version>
   <InstallationNotes>In the following directions, replace MR/v97 by the directory on the target machine where MATLAB is installed, or MR by the directory where the MATLAB Runtime is installed.

If the environment variable DYLD_LIBRARY_PATH is undefined, set it to the following string:

MR/v97/runtime/maci64:MR/v97/sys/os/maci64:MR/v97/bin/maci64

If it is defined, set it to the following:

${DYLD_LIBRARY_PATH}:MR/v97/runtime/maci64:MR/v97/sys/os/maci64:MR/v97/bin/maci64
</InstallationNotes>
   <AuthorOrganization>TH Koeln</AuthorOrganization>
   <Summary>A Multiframe Super-Resolution Toolkit</Summary>
   <WelcomePanelText>MFSR_Tool 1.2
A Multiframe Super-Resolution Toolkit

Tool to compute an image of higher resolution from a video of low resolution images.
Choose from multiple Image-Registration methods and Super-Resolution algorithms.

Image-Registration methods:
- MATLAB Image Registration
- Lucas-Kanade Optical Flow Translation
- Lukas-Kanade Optical Flow Affine

Super-Resolution Algorithms:
- Adaptive Kernel Regression
- Cubic Spline Interpolation
- Robust Super Resolution
- Fast Robust Super Resolution

Muellner, Maeuer, Schoettler, Kloos
den_michael.muellner@smail.th-koeln.de</WelcomePanelText>
   <MCRProducts>
      <MCRProduct>
         <ExternalProductIdentifier>35000</ExternalProductIdentifier>
      </MCRProduct>
      <MCRProduct>
         <ExternalProductIdentifier>35010</ExternalProductIdentifier>
      </MCRProduct>
      <MCRProduct>
         <ExternalProductIdentifier>35106</ExternalProductIdentifier>
      </MCRProduct>
      <MCRProduct>
         <ExternalProductIdentifier>35108</ExternalProductIdentifier>
      </MCRProduct>
      <MCRProduct>
         <ExternalProductIdentifier>35112</ExternalProductIdentifier>
      </MCRProduct>
      <MCRProduct>
         <ExternalProductIdentifier>35117</ExternalProductIdentifier>
      </MCRProduct>
      <MCRProduct>
         <ExternalProductIdentifier>35119</ExternalProductIdentifier>
      </MCRProduct>
   </MCRProducts>
</ApplicationInstallerManifest>